<assembly
	xmlns="http://maven.apache.org/plugins/maven-assembly-plugin/assembly/1.1.0"
	xmlns:xsi="http://www.w3.org/2001/XMLSchema-instance"
	xsi:schemaLocation="http://maven.apache.org/plugins/maven-assembly-plugin/assembly/1.1.0 http://maven.apache.org/xsd/assembly-1.1.0.xsd">
	<id>src</id>
	<formats>
		<format>zip</format>
	</formats>
	<fileSets>
		<fileSet>
			<directory>/../${project.basedir}/bin</directory>
			<outputDirectory>/bin</outputDirectory>
		</fileSet>
		<fileSet>
			<directory>${project.basedir}</directory>
			<excludes>
				<exclude>${project.build.directory}/</exclude>
			</excludes>
			<outputDirectory>/${project.artifactId}</outputDirectory>
		</fileSet>
		<fileSet>
			<directory>/../${project.basedir}</directory>
			<includes>
				<include>build*</include>
			</includes>
			<outputDirectory>/</outputDirectory>
		</fileSet>
	</fileSets>
	<files>
		<file>
			<source>/../${project.basedir}/zkdoc/COPYING</source>
			<outputDirectory>/doc</outputDirectory>
		</file>
		<file>
			<source>/../${project.basedir}/zkdoc/release-note</source>
			<outputDirectory>/doc</outputDirectory>
		</file>
	</files>
</assembly>
